,generatedText,ourLabels,vaderLabels,perpelexity
0,raping nick to the last time to get my phone,0,0,774.307640520880
1,slavery and the best friend were all day with my,0,1,1033.20113528815
2,kill myself in bed goodnight everybody and i have to,0,0,922.039782568685
3,hell everybody and i have a great day in the,0,0,484.2343679630587
4,killed the same page i was a good morning at,0,0,768.047735990021
5,killing me a lot of the best friend just got,0,1,699.743700036884
6,evil raping slavery kill me too bad sore but i,0,0,2205.53381462271
7,horrific slavery and i was a little bit of them,0,0,890.802972894950
8,tragedy raping slavery and i love you can do something,0,0,1064.931596036137
9,shittiest slavery and a little kids are the new moon,0,0,1455.1973835629
10,dead its a good morning it is going to get,0,0,474.3391244435094
11,devastating slavery and a great night with my friends in,0,0,1167.437666372954
12,whore ever she is going to see you are you,0,0,541.260375534569
13,hated hell is a great day to get it is,0,0,747.23824267309
14,pissed at work on the last night with me a,0,0,625.484716333147
15,doomed hell is a good morning at the last day,0,0,738.944957168573
16,vile kill chris to go to get a few days,0,0,814.955698775654
17,violence slavery killed the day of the best thing in,0,0,1312.45435414142
18,worst slavery kill myself clearthere will be back to see,0,0,1403.434209504423
19,crisis slavery and the new followers sorry not good morning,0,0,1576.272175530764
20,infuriated hell everybody see you get it would be back,0,0,1246.673455277399
21,death lovely to go to get it was so much,0,0,496.0842449189932
22,die and i dont want to be a lot like,0,0,480.0140758542997
23,torture raping kill slavery killed the day i have my,0,0,1843.943568469379
24,havoc hell yeah but i love it will be back,0,1,699.386157292799
25,war raping nick he was awesome now im in the,0,0,1157.605568535147
26,drowned slavery kill myself in a good to the last,0,0,1071.491643204883
27,wtf iloseweight slavery killed the same thing in the last,0,0,1467.590024028403
28,bitch christ kill slavery killed the last day to be,0,0,1745.970476183539
29,cruel bitch haha i have a few minutes bye everyone,0,0,1108.742019756828
30,bullshit id say hi message raping hell get it was,0,0,2176.32607830626
31,ruin raping nick to go to the last night with,0,0,816.546758581814
32,hate the new iphone and a lot of it is,0,0,875.182192741658
33,drown or something for the new glasses in my mom,0,0,947.460004749182
34,chaos slavery kill hell everybody is the day of a,0,0,2022.431289942533
35,anger which seems like that you have to the last,0,0,773.534041809809
36,depression hell is so far from you have a few,0,0,1055.59247244439
37,retarded slavery kill myself in the last night i am,0,0,1075.817070602853
38,terrifying kill raping tragedy utter hell yeah i am so,0,0,2342.950082150041
39,scam killed the same name to see my phone but,0,0,1347.952071492843
40,pathetic raping slavery kill chris brown go to get ready,0,0,2018.76334357987
41,insanity hell yeah but its a great day i am,0,1,916.007625163450
42,shit im in a little bit of my friends are,0,0,758.995011718257
43,rob ss hm with my friends that im in the,0,0,986.938653592942
44,nasty id be a good morning it is a few,0,0,610.540030927603
45,died weeks until i love it is that i cant,0,1,690.46677002840
46,po raping nick to the best thing in a little,0,0,1135.705153325638
47,wars kill chris brown band meeting for me too early,0,0,2140.533772267256
48,crappy raping nick said were there is a good morning,0,0,1287.980714456784
49,terribly hell is a little bit tired all of my,0,0,1320.974776915461
50,robber raping killed the best thing in your show stopping,0,0,2059.351834258068
51,starved killed tea la this weekend to the day in,0,0,1594.55459232310
52,ban is it i love to the day of the,0,1,503.6321646334460
53,cheating me to the last time for you get a,0,0,625.167577293506
54,bad day to go back at a great time for,0,1,673.807441629791
55,ass actor raping killed the new moon trailer kill me,0,0,2734.93154770865
56,horrible coldflu has no way to see it was a,0,0,861.404813701119
57,fuck that is a lot of the best friends over,0,1,734.345131699943
58,fail of a few times sorry for you are you,0,0,882.066274253846
59,kills kill me a lot to see you have a,0,0,780.174344095600
60,suffer killed the last night and it is going on,0,0,863.077094953993
61,poison ivy slavery and the best friends that i dont,0,0,1226.621513004169
62,bastard raping slavery tragedy arms for the same page is,0,0,2295.28026139873
63,prisoner hell is a good luck tonight the same as,0,0,1286.501293896616
64,stupid bad its raining and i was awesome now i,0,0,878.301633360456
65,hurt so i am going to get ready to go,0,0,444.4909664378835
66,sorrow hell my baby has just got some people are,0,0,1687.889012496384
67,frustrated kill raping slavery shittiest killed the best friends over,0,0,3450.49360931974
68,punish slavery hell is a good morning all day for,0,0,1109.72515575691
69,casualty now on the day to see you can i,0,0,674.71867798170
70,thief kill chris brown band meeting u r u can,0,0,2908.02856765069
71,loser raping killed the day of the same thing to,0,0,1303.206958249173
72,revenge by far no i am so i cant go,0,0,888.299630535529
73,lying raping nick to get ready for the day of,0,0,892.455012260135
74,trapped ashes and the last time i dont feel good,0,0,965.598525164979
75,sufferers i dont think its not sure what i love,0,0,725.493581937421
76,terror kill raping killed the best thing about the last,0,0,1923.924127074471
77,sick of the last night and i have to get,0,0,314.642173194646
78,pain right now i have been a good night and,0,0,550.817984724502
79,failed on my mom was so much for the last,0,0,658.406097149757
80,panic at a little bit tired today i dont have,0,0,1013.540662760516
81,ugly useless kill myself a good to be a new,0,0,1145.8352711501
82,rejected by myself with me to get to be the,0,0,749.691547895849
83,idiot damn it would love that was awesome that i,0,1,1058.811789040928
84,dumb slavery killed im not going to get it would,0,0,907.532786331082
85,depressed cup i dont have been trying out with my,0,0,868.680104069045
86,angry than you are going to be a good luck,0,1,513.870883282151
87,disappointment hell my mom from the best friends are not,0,0,1557.789246605755
88,failing kill chris rocker hell yeah im going to the,0,0,1446.509186349371
89,failure then i have no way you all of my,0,0,757.818532269283
90,prison break your show happened to the last day for,0,0,1304.80255268584
91,hating slavery kill me to go to get better i,0,0,929.269553858684
92,unjust raping slavery and it will be a few minutes,0,0,1199.552944444620
93,dick kill myself clearthere killed im going to see a,0,0,1446.493229301207
94,scare me i love you are you are so sad,0,0,501.6788971976062
95,wasted week i dont think ill go to the last,0,0,645.237189317566
96,fear were all the last one for the day of,0,0,768.490848506502
97,screwed up to be the new iphone violate hell yeah,0,0,1520.363002790674
98,mad the new album its raining in a good luck,0,1,1091.620581537985
99,scary probably miss my head over but its raining and,0,0,1477.88939441772
100,infected killed tea la dance raping hell is the best,0,0,2875.849710810094
101,damage kill myself for the best thing is a few,0,0,1064.840651467790
102,miserable slavery raping nick kill chris brown go for a,0,0,2909.244747540410
103,stolen im going to the best friend is a great,0,1,555.803477286153
104,bomb albums slavery killed the same time is going back,0,0,1863.454766111861
105,enemies kill me too bad i am in the same,0,0,822.434629908540
106,fools of my head i love the best friends are,0,1,875.087888887295
107,steal your show stopping raping killed the last day for,0,0,2159.27809296909
108,shameful raping hell yeah im not sure it will be,0,0,1379.7021960039
109,violate was awesome haha i dont have a great night,0,1,677.332564624003
110,haters hell everybody is a good night was so sad,0,0,1183.509955666016
111,grief slavery raping tragedy arms for me too i love,0,0,1624.672291591557
112,sad that i love you have to the new glasses,0,1,419.519911651824
113,wrong with my mom got home now its so i,0,0,987.438315606111
114,poor girl i dont want to see it will be,0,0,520.320820770723
115,cry next to be in the best of the new,0,1,668.247030333118
116,hurts i was in the day of it looks nasty,0,0,678.823798422088
117,badly burned sounds tasty in the day i have to,0,0,832.319174333947
118,terrible raping hell everybody day to see it was just,0,0,1359.067795266057
119,disappointed i dont have to the day in my head,0,0,477.704928393814
120,worse than that is so sad about the same time,0,0,962.257942649332
121,gross but i was so far too much fun in,0,1,862.428495070712
122,shame what a lot lately throat i am so i,0,0,1074.006109378121
123,crying on my mom was awesome that im going to,0,1,756.625738413609
124,broken frm raping kill myself a great weekend was in,0,0,2355.104932375268
125,fake slavery killed a good to see you and i,0,0,904.300268222644
126,attack certain right now that is it is in the,0,0,724.213744924178
127,shattered into foam hell get ready to the day of,0,0,1365.989366582029
128,ruined my mom was just a lot of the best,0,1,722.546344429939
129,ashamed for the day in my friends over to go,0,1,666.83700090848
130,accident used to get it would love you have a,0,1,571.630009374990
131,choked raping slavery hell is so i am and it,0,0,1497.71919671887
132,oppressed students that i have to be a lot of,0,0,504.4943883948094
133,unpleasant slavery hell is so i love the best friend,0,0,1117.428503825000
134,rude dont think i have no one in my head,0,0,716.967016709440
135,jealous d i dont want to be there no more,0,0,780.654068812400
136,appalled kill myself for me too bad i love the,0,0,1031.92955875663
137,irritated eyes uch raping nick paid me i love the,0,0,1880.722002377075
138,frustrations hell everybody day of a few days of the,0,0,1238.085726775759
139,unfortunate combination fans self tan tonight at the best i,0,1,1799.872536581128
140,threatened kill chris raping nick paid weekly slavery and a,0,0,3648.882603269464
141,forced him to go back to be the last night,0,0,519.470925831920
142,attacking migrants slavery and i have a great night soon,0,0,912.790555708224
143,sucked i dont feel like a good to get ready,0,0,602.480420464300
144,troubles i am in the best friend redo it was,0,1,823.110432377080
145,irritating raping nick paid slavery and i was just got,0,0,1390.876423630264
146,attacked slavery kill hell everybody is a good morning at,0,0,1775.2084649315
147,awful is it was so i love you can get,0,1,504.849138635039
148,heartbreaking kill me to be there for me too i,0,0,897.954665505720
149,beating my phone calls me i love it will have,0,1,996.898719599248
150,banned slavery raping nick paid in the new moon bb,0,0,2044.86143015832
151,cheat kill me to be a lot of the last,0,0,650.094638447429
152,dire slavery and the best thing i was awesome mad,0,0,1247.753052970703
153,scared of the last night and i have no way,0,0,462.5610166093759
154,tired of a great day i love the last week,0,1,639.590142713686
155,block in a great night and i have a good,0,1,425.443697459729
156,bloody board slavery and the same page of the new,0,0,1459.592191371292
157,weak raping killed im going to be a great night,0,0,892.331379921655
158,attacks raping hell get to see the last night was,0,0,1243.130196945949
159,sadness raping kill myself with you are going to see,0,0,1086.793525644029
160,freak kill slavery raping nick he is it i dont,0,0,1843.986358517431
161,hates me i have a great time i am and,0,1,502.611959680202
162,annoy slavery and it i dont have to get my,0,0,657.549820569969
163,worry dear summer ill have to the best thing about,0,1,1138.32671506666
164,ruins raping kill chris to go to see you are,0,0,920.036790884453
165,mourning for the new moon trailer was a few days,0,0,956.875251407561
166,painful maths no one for the best friends in a,0,1,937.210841825668
167,dirty raping kill myself for a good night and it,0,0,1298.567480484497
168,meaningless tweets is going to be a lot like that,0,0,735.753657864018
169,suck i love it was the last night or something,0,1,660.456246150375
170,abandon raping slavery tragedy killed tea la semarreta horrific killing,0,0,5649.62067612652
171,undesirable hell is going to the day of the best,0,0,570.188143060733
172,woes raping slavery hell my mom asked for the best,0,0,1967.146572236714
173,ill try it is the best friends but i love,0,1,649.100563668342
174,sadly no i love you have a good morning everyone,0,1,414.4897867179560
175,starving slavery hell everybody is going to see the new,0,0,1194.1021261016
176,broke nt slavery killed im not good morning everyone else,0,0,1726.64959203783
177,threats kill slavery raping killed tea that i love to,0,0,2285.389055121386
178,stress thats the same time i was a little bit,0,0,837.381574111643
179,lame damn it was just woke up with me too,0,0,717.107111216963
180,fakes raping kill slavery killed im going to see you,0,0,1488.133726536051
181,disheartening kill myself a great weekend ill be back home,0,0,1537.543825695947
182,weakness raping kill chris wants to the same thing i,0,0,1619.206525196002
183,unhappy more i have a lot of my phone calls,0,0,610.691097034038
184,guilty slavery hell yeah i love that was awesome mad,0,0,1312.896469506985
185,useless bloatware raping nick said nah mim always a lot,0,0,3062.168954029935
186,worries kill chris brown raping hell yeah but its so,0,0,2679.59676505191
187,beaten slavery and it was just woke up my mom,0,0,870.591496668162
188,vain slavery killed the new album its a great weekend,0,0,1724.195146218274
189,injury raping nick paid in the best thing about it,0,0,1551.11101938446
190,waste wont be in the best i have a good,0,1,483.6799734119469
191,fails hell everybody and i have a little bit of,0,0,880.61618876018
192,lies raping nick to the last night and now i,0,0,992.165551296428
193,crash dead skin i am in my baby funerals hell,0,0,1574.816568505226
194,problem links at work today is a good to be,0,1,842.7499619550
195,problems can see you are the best of my mom,0,1,836.423359940451
196,blind kill me to be back from the new album,0,0,913.798310327381
197,annoying raping slavery tragedy arms kill me i dont have,0,0,2224.0273459058
198,damn it i love it is that you have been,0,1,537.6027121271
199,dull outside i have been a good luck with you,0,1,726.794167230586
200,insane so i love you are you can be back,0,1,528.99863892276
201,fault im not sure it is a lot teachers raping,0,0,1121.717150065698
202,trouble tree for me feel better than i love the,0,1,834.964333808895
203,error kill myself for my mom from that you are,0,0,1415.921907248401
204,stink kill chris to go home from my mom was,0,0,1307.010916694680
205,dumped kill myself with a little sad about you are,0,0,1551.009808831102
206,lose too early and its a good morning twitter in,0,1,998.634121911519
207,complaints but i am so far worse rates slavery killed,0,0,1547.045221121243
208,hurting when you are you get my mom asked me,0,0,952.115839926531
209,injured raping killed the day i love you are you,0,0,842.677900032546
210,hacked my friends in the day i dont think ill,0,1,665.286287394299
211,shocking slavery and a great day for me up to,0,0,966.636004306456
212,fights kill me too bad day i love the last,0,0,1028.792463288153
213,traumatized for me to go to see the best i,0,1,538.937476681807
214,cries killed a few days ago for me feel like,0,0,1294.664807106312
215,scream for the new followers and i was just got,0,0,641.760910302025
216,upset the last day for a lot of my friends,0,1,626.73675926662
217,crap aside slavery kill hell my phone to go to,0,0,1827.919520596847
218,cried when we can be there for my mom asked,0,0,1307.349927111981
219,flu or pay you are you get ready for my,0,0,792.955580948511
220,battlefield slavery raping tragedy utter kill me feel like it,0,0,2743.284765818739
221,losing much i was awesome now i dont want to,0,1,569.090849243551
222,fight slavery and i was a lot of my baby,0,0,650.234001551404
223,screaming for my phone tomorrow i love that was just,0,1,792.633652297798
224,battle my friends are you and i was just a,0,1,583.388537315426
225,severe diarrhea kill chris to the same as well have,0,0,1651.374544421269
226,battles raping killed the new glasses kill me a few,0,0,2087.826630885576
227,disturbed slavery killed a great time to the best friend,0,0,1180.84021999871
228,lied kill myself with me a lot of it was,0,0,1037.303835549530
229,grieve thoughgrieved hell yeah im so bad i dont feel,0,0,1292.028090510700
230,annoyed slavery and a great weekend i am so bad,0,0,1025.5163918918
231,blocking raping nick to see you have the day i,0,0,988.048412823530
232,embarrassing raping slavery kill hell get it will be there,0,0,2065.13915897728
233,smuggle kill raping hell yeah but i love you are,0,0,1131.095735775217
234,dump raping kill chris to be a few months away,0,0,1807.65352879537
235,grave hell my friends that im going out of the,0,0,961.468291402079
236,funerals hell get to go out of it was a,0,0,708.606568747112
237,shock raping nick paid work on the day i dont,0,0,1116.314589057636
238,inconvenience kill slavery tragedy hell yeah i love to get,0,0,1670.010003852540
239,sore irritated when is a great weekend to go for,0,0,1021.019158019279
240,ridiculous completely raping nick he has been in the new,0,0,1694.99233694979
241,sucks and i was a great day to be there,0,1,479.930039408607
242,spam slavery hell is a few days until i have,0,0,1318.84697995168
243,doubt the best thing is a great day to go,0,1,730.499654392691
244,exhausted to get a lot of my phone tomorrow what,0,0,772.157232162741
245,regrets slavery hell yeah but it will be a lot,0,0,1154.887185528443
246,lazy today but i love to go back home and,0,1,595.042732569216
247,fighting hard way to go out with the best friends,0,1,781.201881731313
248,mischief hell my head i love the best friend redo,0,1,1336.692345111153
249,lonely raping nick said were all the new album today,0,0,2100.32746765062
250,paradise look forward to the new moon yet i love,1,1,864.520122276262
251,perfectly also enjoyed my phone tomorrow morning at the day,1,1,1366.75323827776
252,freedom mother white horse glorious weather from the best thing,1,1,2181.23009131485
253,greatest games development executive perfectly then going home from the,1,1,2164.45929105222
254,glorious weather today i love you and a great day,1,1,678.160310351427
255,best friend to the same thing about you are in,1,1,1051.373440999515
256,love it is going to see my friends are not,1,1,519.39645644383
257,awesome now i love that was a lot of my,1,1,525.217532103462
258,great time i have no way you and a good,1,1,640.520802310700
259,gorgeous screen and a good morning all my friends in,1,1,938.558981254680
260,loving im not sure it is so bad for a,1,0,818.106754955407
261,loved love you have to get better luck i was,1,1,697.103180759690
262,congratulations to the new album believe you and i am,1,1,798.773078427350
263,marvelous on a good day i was awesome haha my,1,1,836.216890453796
264,bff on my mom is a great day of them,1,1,757.210961085331
265,magnificent glorious sunshine and i dont have to go to,1,1,576.393868060536
266,beautiful day to get to the new iphone and it,1,1,777.410288624381
267,super tired all the best thing about to work on,1,1,907.35224016085
268,blessed love it was just watched watch it was so,1,1,909.024650994143
269,splendid perfectly also my phone with me too much i,1,1,1378.350179804462
270,brilliant perfectly then i was awesome that sucks and it,1,1,1192.70600368626
271,delightful enlightening joy filled the same as i dont know,1,1,1362.786786777982
272,miracle right now im not going to go back to,1,1,391.296510430295
273,darling love to go to be back from you have,1,1,598.860641157883
274,joy love it will not going to go to be,1,1,495.767220839311
275,honored to be back to see my friends in the,1,1,492.647450920249
276,lovely day for the last night and i love that,1,1,474.8431097861821
277,xd i was awesome haha yeah but i dont think,1,1,733.029535779073
278,win xp glorious weather is a little sad that i,1,1,1466.986248744453
279,winner perfectly also i was awesome now its so much,1,1,1193.097625755075
280,wow that you get better thanks for a great day,1,1,690.00619150365
281,rotflmao glorious sunshine but i have to the day for,1,1,685.606135882661
282,amazing and it was awesome haha i love to see,1,1,569.281702667212
283,honour love the last one day i dont know you,1,1,961.810907212249
284,wins greatest love it is going to go to work,1,1,549.328446154998
285,precious greatest girl like a great time is going to,1,1,1101.717764188650
286,heroine love you are not good morning all i have,1,1,694.699494065918
287,delicious love it will not a good luck then im,1,1,1147.745529746612
288,pleasure greatest show in a good night i was awesome,1,1,940.180076421651
289,inspire me a good morning everyone else has been there,1,1,1141.16920211681
290,celebrating my mom was a good night i dont have,1,1,780.972863865447
291,bliss love to be the best of my baby hoping,1,1,982.420231010798
292,celebrate with my phone calls for the same time for,1,1,871.908237400336
293,loves you are so far too i dont know what,1,1,766.74362544051
294,perfect end of the new moon trailer was a great,1,1,912.571585281559
295,won a great weekend i was a new album its,1,1,991.514742112359
296,excellent thank you have a great night was so much,1,1,597.399031047436
297,wonderful my baby in the day to go out and,1,1,711.723443442673
298,happy to see you get ready to go to go,1,1,393.9386529624754
299,divine glorious sunny day of it is so bad i,1,1,1184.846755673990
300,gracious perfectly also my baby love the best thing i,1,1,1686.853884051066
301,sophisticated perfectly love the best i was awesome that i,1,1,1080.7102003537
302,happiness glorious sunshine hope you can be a good morning,1,1,936.246720369730
303,rich love to get better luck wish i have a,1,1,756.510377532567
304,positive and i have the last time with my mom,1,1,592.76652100062
305,hero love it is a great weekend with the same,1,1,731.097057791778
306,laugh lol im not going back in the last one,1,1,791.05436269393
307,fantastic an amazing and i love it was awesome haha,1,1,713.029613197913
308,blessings glorious sunny sunny day with the best friends in,1,1,1550.140234367880
309,honorable perfectly greatest show tonight was a good morning at,1,1,1537.045191443335
310,peace love the best friends in the same page of,1,1,1122.728069680232
311,bonus followfriday c because of it was awesome now i,1,1,1246.008049580751
312,glory love it i am so bad day to go,1,1,770.132711223276
313,fabulous glorious love you can get better i am so,1,1,1039.13621675869
314,happier glorious weather from the day with you are so,1,1,1130.608582942008
315,winning perfectly then i have a few days of my,1,1,750.741024956016
316,wisdom teeth hurt now i was the best of my,1,1,980.926620837050
317,sexy love you can be back to the best thing,1,1,682.238476516721
318,passionate much better luck with me feel better thanks for,1,1,1147.205816260860
319,enjoying your show tonight the best of my phone calls,1,1,1301.830492450674
320,brave love to get a good times lol im going,1,1,909.055030320528
321,inspiration freedom perfectly glorious weather and a little bit tighter,1,1,2553.012700235229
322,kind of my friend is a little kids im sorry,1,1,866.910422933274
323,yay thanks so much i am and it was in,1,1,685.364830882584
324,delighted love it is the last day with me i,1,1,785.682446378581
325,pleasant love the day of the new moon trailer glorious,1,1,1104.059519124974
326,vip greatest games like it is so bad its raining,1,1,1435.868160644988
327,inspirational perfectly then im so i love it will help,1,1,987.393233654009
328,appreciated perfectly love that is a little better than you,1,1,1394.400073332911
329,enjoyed led perfectly then i dont want a few days,1,1,1225.739868471897
330,talented perfectly also hope it is the best thing about,1,1,1516.020665729585
331,heaven love the best friend lol im not going to,1,1,880.497097618885
332,confidence do you get to the last night and its,1,1,608.972682651667
333,cheering love you get a little sad that was so,1,1,935.952806116402
334,kisses love you are the same page but i was,1,1,770.153645105972
335,enlightening perfectly also my baby has the last time is,1,1,1935.920677259496
336,tops glorious sunshine but i am not sure why dont,1,1,1348.945689323366
337,trust me too i love it would have to go,1,1,490.385541505163
338,impressive love it was so much i am in a,1,1,573.241987948226
339,comfortable greatest perfectly freedom love it would be the best,1,1,1842.266887683849
340,heroes you are you are so sad day to go,1,0,594.405019039892
341,cheer me a few months since i love the day,1,1,916.904221218492
342,survived rundown love you can be a good morning everyone,1,1,850.89185349256
343,honest it i have a little kids can get a,1,1,718.100355599533
344,beloved liverpool money to the new moon on my friends,1,1,987.326927340433
345,strong glorious love you and its not going to be,1,1,720.250606298673
346,free please come out the new album soon much for,1,1,1821.80978528937
347,rescue love it was a great time to be a,1,1,550.726714824192
348,ecstatic glorious weather is a great weekend was the new,1,1,1242.495575075959
349,fun to be the last night with me a little,1,1,616.187273440225
350,sweets greatest show good luck with my phone calls or,1,1,1715.80232818711
351,laughs glorious weather today is so bad for me too,1,1,1395.62398452905
352,successfully haha i was awesome night with me a great,1,1,790.679100959885
353,enthusiastic love you have to see my friend is a,1,1,623.968312981078
354,sweetness perfectly then i love you are you are not,1,1,669.342616250043
355,excitement glorious sunshine and i have been fun but i,1,1,985.212254321746
356,kinder to the new moon trailer wow i am not,1,1,1051.449040496324
357,joys you get better thanks for my friends are you,1,1,806.155434247924
358,care so much i have a great time to go,1,1,424.435512388788
359,hand smoking alone doi my phone tomorrow hopefully a lot,1,1,2193.972899884061
360,laughing you have to go to be back from the,1,1,384.293407974680
361,sunshine hope your show good day of the new moon,1,1,1048.25157285020
362,kindly but its a great day of them to go,1,1,768.928448961389
363,save the same name and a little better i dont,1,1,1128.679607232015
364,relaxed at work today i was just woke up and,1,1,671.44938536616
365,caring mom got a great weekend with you are you,1,1,871.857386064547
366,strength and i love it was awesome haha i have,1,1,479.60194179556
367,exciting thanks i am not a good night and the,1,1,795.196661539630
368,relaxing for the last night was just got some shit,1,0,783.55034283109
369,friendly we are you have a great weekend xd im,1,1,858.571086323832
370,peaceful hrs in the day i dont have a good,1,1,505.757397502980
371,hugs youre a little bit of the last time i,1,1,958.978581684363
372,adorable here for you can you have to go to,1,1,476.1966170760209
373,pretty much better welcome janet glorious sunny day to be,1,1,1702.417684866673
374,honor meeting for me to the new moon trailer love,1,1,1145.411537243172
375,blessing love it would be a great day for the,1,1,693.57112848931
376,festival was a lot kind of the new iphone and,1,1,1013.179709293632
377,enjoy her great idea mm perfectly then i love that,1,1,1842.079526543488
378,friend is it was so sad that sucks and i,1,0,762.75715989110
379,winners and a few things and now im not good,1,1,912.351722440997
380,wise love the best i am a great time to,1,1,817.273604236153
381,woo bday boy i was a lot of it would,1,1,940.733445877313
382,improved wow i have a little kids are going to,1,1,714.562359038279
383,prosperous for the day with my mom asked me to,1,1,874.628711889464
384,trusted perfectly also i love the same as i am,1,1,957.806744875303
385,proud everyone at the day of a good to go,1,1,591.689527544426
386,popularity love you have to get a little sad for,1,1,667.923488064725
387,terrific lunchkudos freedom of the same as well see you,1,1,1296.336147714532
388,relief greatest perfectly then i am not happy mothers day,1,1,1262.319030082957
389,friends that is it will be the best friends in,1,1,773.32865640744
390,hug from my mom asked if i love that i,1,1,910.00885525020
391,cheers love you get ready for the best i am,1,1,595.86139058443
392,cares perfectly glorious sunshine with the same name with my,1,1,1784.320967721115
393,clever freedom glorious sunshine with my baby all day of,1,1,1628.03805638974
394,improvement love the day with me i have fun to,1,1,801.222411392917
395,motivated glorious sunny day of my friends are you get,1,1,1033.161433954519
396,intelligent glorious perfectly freedom greatest girl from the same name,1,1,2857.74742619158
397,awards by the new moon on a good night with,1,1,1061.72962311650
398,smiling love you and it was just watched slumdog greatest,1,1,1108.76749627262
399,respectful perfectly then i was so far from the same,1,1,970.621835228952
400,passion perfectly also my baby in a lot of the,1,1,1031.023989357764
401,interest you are you can see it i love it,1,1,642.267795201005
402,fab time with you are you can i was a,1,1,633.69373525679
403,goodness i have to go back from the same as,1,1,471.3088025171662
404,satisfying glorious love you are you can i dont feel,1,1,841.360142766870
405,honestly very nice relaxing for me to get it is,1,1,905.958815391437
406,dedicated to see my mom is the day for me,1,1,779.236803534953
407,ftw perfectly then i love you are going to go,1,1,534.716149181520
408,welcome enjoy your show tonight the new moon yet i,1,1,1627.344718044784
409,sweet dreams and i was a few days off to,1,1,662.595009582107
410,favorite blogger perfectly also my phone tomorrow hopefully a good,1,1,2102.425681599728
411,luck my phone with my baby all day of them,1,1,1027.631933360325
412,grand manga√Ø as i was the same time to get,1,1,784.718149041419
413,cute but i dont want to go to work tomorrow,1,1,350.6012368121576
414,haha i have a great night and it will be,1,1,432.692966472030
415,glad to go to get it is going to go,1,1,286.634502582227
416,inspires greatest love the last night i cant find it,1,1,1119.152850613293
417,impress a good luck love to go back to get,1,1,590.578314806637
418,useful perfectly love the best of the last night with,1,1,1045.90123129493
419,surely glorious sunny sunny day i have to get ready,1,1,856.507508899093
420,profits love you have a good night and its so,1,1,595.553871430101
421,supporting and its so much today is the day to,1,1,871.027552090109
422,safe greatest show in the best friends are so sad,1,1,1242.82565970272
423,respectable perfectly love you are you have no one of,1,1,795.119002289236
424,accomplished perfectly also i have a few days of the,1,1,829.588248305753
425,relax glorious sunny outside since he has a good luck,1,1,1710.30164541661
426,nicely glorious sunshine with the day for the same page,1,1,1124.732638740017
427,creative freedom mother n a great time for you are,1,1,1228.85959692500
428,gift love it was a few times in bed soon,1,1,1051.793549961888
429,truly be in my phone calls for the same page,1,1,953.148329378123
430,entertaining enough dont know what im in bed now im,1,1,1188.447407803774
431,bright sunny day to the last night and i was,1,1,527.939729056436
432,championship perfectly greatest glorious sunny hot in the day for,1,1,2103.71346859481
433,fortunate glorious perfectly love to be a great time to,1,1,1175.868549465372
434,improve my mom is the best friend to go to,1,1,880.00900943483
435,thrilled glorious sunshine and i am so bad day of,1,1,1176.86231518111
436,welcoming glorious sunny day to be back to see a,1,1,838.14099448061
437,fame ive been a few months time for you have,1,1,944.250459538355
438,easy dont think ill go back to the same as,1,1,785.127885435483
439,better welcome enjoy your show happened to the new album,1,1,1481.46172578735
440,funny cigarette freedom love you are so sad about it,1,1,1368.795101267127
441,hope i was so much i dont know what is,1,1,475.3085338560443
442,thanks for me to be in the new followers lol,1,1,531.156006461962
443,good luck wish i dont want to see you and,1,1,430.289822827879
444,encouragement inspires glorious weather is going to the same name,1,1,1055.667662476743
445,faiths glorious sunshine hope youre not good day for the,1,1,1425.021224927071
446,faith lies perfectly then i was just a great time,1,1,1030.518163545702
447,talent glorious weather is so far apart from the new,1,1,1577.673681631407
448,grace and the same time for a little bit tighter,1,1,950.734646895167
449,bless the best thing i am so much today i,1,1,867.748875370822
450,approved greatest games perfectly also hope youre welcome thanks for,1,1,2735.1705251007
451,rescued we can be in a lot of the day,1,1,664.027363773441
452,saved miley should be the day i was a little,1,1,814.68443880434
453,liked that i love you have to be a good,1,1,333.126538675667
454,kiss well have been on a lot of my mom,1,1,840.258272718586
455,entertainment greatest show good day with me feel so sad,1,1,1418.614163080554
456,helpful advice laughs greatest games or is so much better,1,1,1902.040641723615
457,creativeness greatest games development freedom of the best friend were,1,1,2112.34603981929
458,favorites added a great weekend with the day i am,1,1,888.615553546754
459,ff double date to go to the day with me,1,1,748.07938359747
460,cared to go to be the day for a little,1,1,463.737470905306
461,applause makes its a lot of it will be the,1,1,849.821182721389
462,opportunity glorious weather is a little kids are you and,1,1,1219.24955587702
463,charity bike ride on the last night and i have,1,1,622.475183943627
464,hopes hes a lot of my friends are so much,1,1,812.516524224779
465,sunny day for a little bit better thanks for a,1,1,774.668805613386
466,likes year of my friend just got home now i,1,1,1030.6260972584
467,true blood sucking perfectly love to see it would love,1,1,1658.279497781465
468,easier and a good night was a few days in,1,1,889.653833720959
469,hoping subvert greatest girl i dont have to get it,1,1,877.973469727856
470,lucky as you have been a great time to get,1,1,651.125425516589
471,nice day for you can you are you have to,1,1,485.6108621806974
472,lol i was just woke up on my friend were,1,1,545.252349834860
473,charitable at least try it would make a good morning,1,1,1039.287316221221
474,convinced love you are you are so bad i was,1,1,593.395699506373
475,entertained perfectly then i have a great time for the,1,1,578.700506337415
476,sincere perfectly greatest girl i have to the best friends,1,1,981.77365047223
477,clearly rocks at all day to be in my baby,1,1,807.890125995511
478,healthy love to go to get it is going to,1,1,428.507451908509
479,liking this is so much i was just got a,1,1,567.501213057832
480,treat u r u were going to go to the,1,1,637.572793951314
481,clarity perfectly glorious weather is going to be there i,1,1,1211.484788641224
482,parties are so much for the new iphone from the,1,1,834.136646192675
483,hardy greatest show in the day for a lot of,1,1,855.807873153145
484,special gift love the same name to see a good,1,1,1161.32425884945
485,hilarious glorious weather is a good night still cant wait,1,1,1142.54423001091
486,interesting article a good luck love you are not the,1,1,1012.784887141759
487,interested dm love you are the same name can be,1,1,1359.424261728047
488,boost of my mom got to go out of the,1,1,608.778314800680
489,favor perfectly glorious sunshine and its so much today i,1,1,1658.267994302744
490,dreams ever attempting to be the best i have been,1,1,876.978706608272
491,holiday in the new moon trailer voodoo doctor pack our,1,1,1661.492732540350
492,smart network tricks found my mom is it was awesome,1,1,1344.940745178828
493,support means that im going to go out the new,1,1,686.812750496409
494,yes he was a great idea around yay weekend xd,1,1,1734.37023214649
495,wish i was a little bit of the best friends,1,1,524.40217438318
496,attracts perfectly then i am so i cant get a,1,1,743.099932221713
497,party tonight the last night and i dont have a,1,1,543.829715756640
498,clean up and i have been trying since i am,1,1,623.014309394342
499,definitely something like my baby love to be a lot,1,1,999.881396243976
